Workbook

Sheet Instructions
A1: AlphaSeekers — Platform Testing Checklist
A3: How to use this spreadsheet:
A4: Step 1 | B4: Open each tab in order: Public Pages → Student Tests → Teacher Tests → Admin Tests → Security Tests → Visual Tests
A5: Step 2 | B5: For each test row, follow the steps in the 'Steps' column on the live site
A6: Step 3 | B6: Mark Pass / Fail / Blocked / Skipped in the 'Result' column (use the dropdown)
A7: Step 4 | B7: If failed, write what went wrong in the 'Comments' column
A8: Step 5 | B8: Put your name in 'Tested by' and today's date in 'Date'
A9: Step 6 | B9: When done with all tabs, check the Summary tab — it auto-calculates pass rate
A11: Result options:
A12: Pass | B12: Test worked exactly as the Expected Result said
A13: Fail | B13: Something didn't work — describe in Comments
A14: Blocked | B14: Couldn't run the test (e.g. no test data, dependency broken)
A15: Skipped | B15: Intentionally skipped (e.g. requires admin you don't have)
A17: Setup info:
A18: Platform URL | B18: https://alphaseekers.onrender.com
A19: Test round | B19: 1 (fill in)
A20: Date started | B20: 2026-04-16
A22: Tips:
A23: Tip 1 | B23: Use Chrome/Safari/Firefox latest version
A24: Tip 2 | B24: Test on both desktop and mobile if you can
A25: Tip 3 | B25: Open browser dev tools (F12 / right-click Inspect) to spot console errors
A26: Tip 4 | B26: If a page is slow on first load, wait up to 60 seconds — server is on free tier and may need to wake up

Sheet Public Pages
A1: ID | B1: Category | C1: Test scenario | D1: Steps | E1: Expected result | F1: Result | G1: Tested by | H1: Date | I1: Comments
A2: PUBLIC-001 | B2: Landing | C2: Landing page loads | D2: 1. Open https://alphaseekers.onrender.com | E2: Page loads with hero, features, navigation bar, and CTA buttons
A3: PUBLIC-002 | B3: Landing | C3: Navigation links work | D3: 1. From the landing page, click each top-nav link (Home, Webinars, Library, Opportunities, Team, Programs, How it works) | E3: Each link goes to the correct page with no error
A4: PUBLIC-003 | B4: Landing | C4: Dari toggle works on landing | D4: 1. Click the 'دری' button at the top-right | E4: Page switches to Dari with right-to-left layout; URL becomes /fa/
A5: PUBLIC-004 | B5: Landing | C5: Feature tabs are interactive | D5: 1. Scroll down to the features section 2. Click each tab (English A2, Photosynthesis, Scholarship, etc.) | E5: Each tab swaps in a different mockup preview
A6: PUBLIC-005 | B6: Landing | C6: Hero animation plays | D6: 1. Watch the right-side mockup for ~10 seconds | E6: The animated platform mockup cycles through stages (My Classes → Enroll → WhatsApp reminder)
A7: PUBLIC-006 | B7: Landing | C7: Mobile responsive landing | D7: 1. Open the homepage on a phone or resize browser to 375px width | E7: Page looks clean, no horizontal scroll, navigation collapses to hamburger
A8: PUBLIC-007 | B8: Registration | C8: Registration page loads | D8: 1. Click 'Request access' / go to /register | E8: Form appears with name, email, password, role (Student/Teacher) fields
A9: PUBLIC-008 | B9: Registration | C9: Register a new test student | D9: 1. Fill: name='Test Student', email='test_<your initials>@test.com', password='Test1234', role=Student 2. Click Sign up | E9: Success message appears; redirected to pending approval page
A10: PUBLIC-009 | B10: Registration | C10: Register with empty fields | D10: 1. Leave all fields empty 2. Click Sign up | E10: Validation errors show; form does NOT submit
A11: PUBLIC-010 | B11: Registration | C11: Register with short password | D11: 1. Fill name+email but use password='abc' (3 chars) 2. Click Sign up | E11: Error: password must be at least 6 characters
A12: PUBLIC-011 | B12: Registration | C12: Register with invalid email | D12: 1. Use email='notanemail' 2. Click Sign up | E12: Error: invalid email format
A13: PUBLIC-012 | B13: Registration | C13: Register with already-used email | D13: 1. Use an email that already has an account 2. Click Sign up | E13: Error: email already registered (409)
... A28: PUBLIC-027 | B28: Performance | C28: Page load speed | D28: 1. Open the landing page from a fresh browser tab (no cache) | E28: Page renders in under 5 seconds (after cold start: under 60 seconds)

Sheet Student Tests
A1: STUDENT TEST CREDENTIALS — Email: [register a new test student account, then fill in here] | Password: [fill in]
A2: ID | B2: Category | C2: Test scenario | D2: Steps | E2: Expected result | F2: Result | G2: Tested by | H2: Date | I2: Comments
A3: STU-001 | B3: Login | C3: Student can log in | D3: 1. Go to /fa/login 2. Enter the test student credentials above 3. Click Sign in | E3: Redirected to dashboard with greeting and user info
A4: STU-002 | B4: Dashboard | C4: Dashboard renders | D4: 1. After login, look at the dashboard | E4: Shows: welcome message, enrolled classes, today's sessions, notifications, AI quick-ask
A5: STU-003 | B5: Dashboard | C5: Today's sessions visible | D5: 1. Look at 'Today's sessions' section | E5: Shows session times and class names (text is readable, not invisible-on-dark)
A6: STU-004 | B6: Dashboard | C6: Quick AI ask works | D6: 1. Type a question in the quick AI input on the dashboard 2. Click ask | E6: AI responds with an answer or 'no materials found' message
A7: STU-005 | B7: Classes | C7: Browse classes | D7: 1. Click 'Classes' in the sidebar | E7: Class catalog page loads (may be empty if no classes are active yet)
A8: STU-006 | B8: Classes | C8: Search classes | D8: 1. Type a keyword in the search box | E8: List filters to matching classes
A9: STU-007 | B9: Classes | C9: Class detail page | D9: 1. Click on any class card | E9: Detail page shows: teacher, schedule, language, description, materials, sessions
A10: STU-008 | B10: Enrollment | C10: Meet link hidden before enroll | D10: 1. View a class you are NOT enrolled in | E10: No Google Meet link is visible in session details
A11: STU-009 | B11: Enrollment | C11: Enroll in a class | D11: 1. On a class detail page, click 'Enroll' | E11: Success message; class now appears in your dashboard
A12: STU-010 | B12: Enrollment | C12: Meet link visible after enroll | D12: 1. After enrolling, view the same class detail page | E12: Google Meet link IS now visible in session details
A13: STU-011 | B13: Enrollment | C13: Cannot double-enroll | D13: 1. Try to enroll in a class you're already enrolled in | E13: Either button is disabled or shows 'already enrolled' message
A14: STU-012 | B14: Live Session | C14: Live session page loads | D14: 1. From a class, click 'Join' on a session | E14: Live session companion opens with Meet link, materials, notes pane
... A43: STU-041 | B43: Logout | C43: Sign out | D43: 1. Click 'Sign out' in sidebar or profile | E43: Redirected to login page; cannot access dashboard without re-login

Sheet Teacher Tests
A1: TEACHER TEST CREDENTIALS — Email: [register a new test teacher account, then fill in here] | Password: [fill in]
A2: ID | B2: Category | C2: Test scenario | D2: Steps | E2: Expected result | F2: Result | G2: Tested by | H2: Date | I2: Comments
A3: TEA-001 | B3: Login | C3: Teacher can log in | D3: 1. Use teacher test credentials 2. Click Sign in | E3: Dashboard loads; sidebar shows extra 'Teacher' section
A4: TEA-002 | B4: Availability | C4: Availability page loads | D4: 1. Click 'Teacher' or 'Availability' in sidebar | E4: Weekly time grid appears
A5: TEA-003 | B5: Availability | C5: Set availability slots | D5: 1. Click time slots in the weekly grid (e.g. Tue 6-8pm) 2. Click Save | E5: Selected slots are saved; visible after refresh
A6: TEA-004 | B6: Availability | C6: Clear availability slot | D6: 1. Click an already-selected slot to deselect it 2. Save | E6: Slot is cleared after refresh
A7: TEA-005 | B7: My Classes | C7: View assigned classes | D7: 1. Click 'My Classes' in sidebar | E7: Lists all classes assigned to this teacher (may be empty if none assigned yet)
A8: TEA-006 | B8: Materials | C8: Upload class material | D8: 1. Open a class detail page 2. In Materials section, click Upload 3. Choose a PDF 4. Submit | E8: Material appears in the materials list; downloadable
A9: TEA-007 | B9: Materials | C9: Material visible to students | D9: 1. After uploading, log in as enrolled student 2. View same class | E9: Same material appears in the student's view
A10: TEA-008 | B10: Announcements | C10: Post announcement | D10: 1. From class detail, click 'Post announcement' 2. Type message 3. Submit | E10: Announcement appears at top of class detail; visible to enrolled students
A11: TEA-009 | B11: Attendance | C11: Attendance page loads | D11: 1. Go to a class → Attendance | E11: Roster of enrolled students with checkboxes
A12: TEA-010 | B12: Attendance | C12: Mark attendance | D12: 1. Toggle Present checkbox for each student 2. Save | E12: Attendance saved; visible on student profiles
A13: TEA-011 | B13: Attendance | C13: Class summary | D13: 1. Open Class Attendance Summary | E13: Per-student attendance rates over all sessions
A14: TEA-012 | B14: Homework | C14: Create homework assignment | D14: 1. Inside a session, click 'Add Assignment' 2. Fill title, description, due date 3. Save | E14: Assignment created; visible to enrolled students
... A16: TEA-014 | B16: Sessions | C16: Cancel a session | D16: 1. From class detail, find an upcoming session 2. Click Cancel | E16: Session marked cancelled; students notified

Sheet Admin Tests
A1: ADMIN TEST CREDENTIALS — Email: [your admin email here] | Password: [your password]
A2: ID | B2: Category | C2: Test scenario | D2: Steps | E2: Expected result | F2: Result | G2: Tested by | H2: Date | I2: Comments
A3: ADM-001 | B3: Login | C3: Admin can log in | D3: 1. Use admin credentials 2. Click Sign in | E3: Dashboard loads; sidebar shows admin section (Users, Classes, Stories, Content, Analytics)
A4: ADM-002 | B4: Dashboard | C4: Dashboard stats | D4: 1. Look at admin dashboard stat cards | E4: Numbers shown: students, teachers, classes, sessions
A5: ADM-003 | B5: Users | C5: Users list loads | D5: 1. Click 'Users' in admin sidebar | E5: List of all users with names, emails, roles, approval status
A6: ADM-004 | B6: Users | C6: Filter pending users | D6: 1. Click pending filter (or look at top of list) | E6: Only unapproved registrations shown
A7: ADM-005 | B7: Users | C7: Approve a pending user | D7: 1. Find a pending user 2. Click Approve | E7: User status flips to approved; they can immediately log in
A8: ADM-006 | B8: Users | C8: Reject a pending user | D8: 1. Find a pending user 2. Click Reject | E8: Account is deleted; cannot log in anymore
A9: ADM-007 | B9: Classes | C9: Classes list loads | D9: 1. Click 'Classes' in admin sidebar | E9: All classes listed (active + archived)
A10: ADM-008 | B10: Classes | C10: Create a new class | D10: 1. Click 'Create class' 2. Fill name, teacher, schedule, language, max students 3. Save | E10: New class appears in list AND in public catalog
A11: ADM-009 | B11: Classes | C11: Edit a class | D11: 1. Click on a class 2. Edit description 3. Save | E11: Changes saved; visible on next view
A12: ADM-010 | B12: Classes | C12: Archive a class | D12: 1. Click Archive on an active class | E12: Status changes to ARCHIVED; class disappears from public catalog
A13: ADM-011 | B13: Classes | C13: Run scheduler | D13: 1. Click 'Run scheduler' in Quick Actions | E13: Sessions are created for upcoming weeks; success message shown
A14: ADM-012 | B14: Classes | C14: Run reminders | D14: 1. Click 'Run reminders' | E14: Reminders dispatched (or 'no reminders due' message)
... A26: ADM-024 | B26: Permissions | C26: Admin sees admin pages | D26: 1. As admin, navigate to /admin/users, /admin/classes, /admin/posts, /admin/content, /admin/analytics | E26: All pages load successfully (no 403 or redirect)

Sheet Security Tests
A1: ID | B1: Category | C1: Test scenario | D1: Steps | E1: Expected result | F1: Result | G1: Tested by | H1: Date | I1: Comments
A2: SEC-001 | B2: Auth | C2: Protected pages redirect when logged out | D2: 1. Log out 2. Try to go to /dashboard directly | E2: Redirected to /login
A3: SEC-002 | B3: Auth | C3: Cannot access admin as student | D3: 1. Log in as student 2. Try to navigate to /admin/users in browser address bar | E3: Redirected or 'access denied' message
A4: SEC-003 | B4: Auth | C4: Cannot access admin as teacher | D4: 1. Log in as teacher 2. Try to go to /admin/users | E4: Redirected or 'access denied'
A5: SEC-004 | B5: Auth | C5: Cannot access teacher pages as student | D5: 1. As student, try /teacher/availability | E5: Access denied or redirected
A6: SEC-005 | B6: Data isolation | C6: Meet link hidden pre-enroll | D6: 1. As student, view a class you have NOT enrolled in | E6: No Google Meet link is visible anywhere on the page
A7: SEC-006 | B7: Data isolation | C7: Cannot view other students' notes | D7: 1. As student A, take notes in a session 2. Log in as student B in the same class 3. Open the same session | E7: Student B sees their own notes (or empty), NOT student A's notes
A8: SEC-007 | B8: Data isolation | C8: Cannot edit another user's password | D8: 1. While logged in as student A, try to change student B's password somehow | E8: There is no UI for this; if attempted via API directly, returns 401/403
A9: SEC-008 | B9: XSS | C9: Script tag in name field stripped | D9: 1. Try to register with name: <script>alert(1)</script> 2. Submit | E9: Either rejected outright OR HTML is stripped (no alert popup ever appears)
A10: SEC-009 | B10: XSS | C10: Script in story title stripped | D10: 1. As student, write a story with title containing <script>... 2. Submit | E10: Title is stripped of HTML before saving
A11: SEC-010 | B11: Brute force | C11: Login rate limit | D11: 1. Try wrong password 6+ times in a row quickly | E11: After 5 attempts, login starts failing even with correct password (rate-limited for 15 min)
A12: SEC-011 | B12: Session | C12: Session expires | D12: 1. Log in 2. Wait 30+ minutes idle 3. Try an action | E12: Redirected to login (JWT expired)
A13: SEC-012 | B13: Session | C13: Logout invalidates session | D13: 1. Log in 2. Click sign out 3. Press browser back button | E13: Cannot access dashboard; redirected to login
A14: SEC-013 | B14: Approval gate | C14: Unapproved cannot access features | D14: 1. Register a new student 2. Without admin approval, try to enroll in a class | E14: Blocked with 'pending approval' message

Sheet Visual Tests
A1: ID | B1: Category | C1: Test scenario | D1: Steps | E1: Expected result | F1: Result | G1: Tested by | H1: Date | I1: Comments
A2: VIS-001 | B2: Dark theme | C2: No white backgrounds anywhere | D2: 1. Navigate through every public + logged-in page | E2: Every page has dark background; no white or gray panels
A3: VIS-002 | B3: Dark theme | C3: All text readable | D3: 1. Read text on every page | E3: Text is visible (not dark-on-dark or white-on-white)
A4: VIS-003 | B4: Dark theme | C4: Form inputs visible | D4: 1. Open login, register, profile, password change forms | E4: Input fields have visible borders and contrasting text
A5: VIS-004 | B5: Dark theme | C5: Dashboard cards readable | D5: 1. Open the dashboard | E5: All cards have visible borders, readable numbers, no invisible text
A6: VIS-005 | B6: Dark theme | C6: AI chat bubbles visible | D6: 1. Open AI Tutor and ask a question | E6: Question and answer bubbles are clearly distinguishable; text readable
A7: VIS-006 | B7: Dark theme | C7: Modal dialogs styled | D7: 1. Trigger any modal (e.g. confirm archive) | E7: Modal has dark background, contrasting buttons, readable text
A8: VIS-007 | B8: Responsive | C8: Mobile landing page | D8: 1. Open / on a phone (375px) or use browser dev tools | E8: Looks good, no horizontal scroll, hamburger menu replaces nav
A9: VIS-008 | B9: Responsive | C9: Mobile dashboard | D9: 1. Open /dashboard on a phone | E9: Sidebar collapses; cards stack vertically; nothing overflows
A10: VIS-009 | B10: Responsive | C10: Mobile AI tutor | D10: 1. Open AI Tutor on a phone | E10: Chat is usable; input box is reachable; suggested questions wrap
A11: VIS-010 | B11: Responsive | C11: Mobile registration form | D11: 1. Open /register on a phone | E11: All fields are visible and tappable; submit button visible
A12: VIS-011 | B12: Dari/RTL | C12: Landing in RTL | D12: 1. Switch landing to Dari | E12: All text is right-aligned; layout mirrors correctly; icons flip where appropriate
A13: VIS-012 | B13: Dari/RTL | C13: Dashboard in RTL | D13: 1. Switch dashboard to Dari | E13: Sidebar moves to right; all text right-aligned; cards mirror layout
... A17: VIS-016 | B17: Error states | C17: 404 page | D17: 1. Go to /this-does-not-exist | E17: Friendly 404 page (not server error)

Sheet Summary
A1: Test Results Summary (auto-calculated)
A2: Category | B2: Total tests | C2: Pass | D2: Fail | E2: Blocked | F2: Skipped | G2: Pass rate
A3: Public Pages | B3: =COUNTA('Public Pages'!A:A)-1 | C3: =COUNTIF('Public Pages'!F:F,"Pass") | D3: =COUNTIF('Public Pages'!F:F,"Fail") | E3: =COUNTIF('Public Pages'!F:F,"Blocked") | F3: =COUNTIF('Public Pages'!F:F,"Skipped") | G3: =IFERROR(C3/(C3+D3),"—")
A4: Student Tests | B4: =COUNTA('Student Tests'!A:A)-2 | C4: =COUNTIF('Student Tests'!F:F,"Pass") | D4: =COUNTIF('Student Tests'!F:F,"Fail") | E4: =COUNTIF('Student Tests'!F:F,"Blocked") | F4: =COUNTIF('Student Tests'!F:F,"Skipped") | G4: =IFERROR(C4/(C4+D4),"—")
A5: Teacher Tests | B5: =COUNTA('Teacher Tests'!A:A)-2 | C5: =COUNTIF('Teacher Tests'!F:F,"Pass") | D5: =COUNTIF('Teacher Tests'!F:F,"Fail") | E5: =COUNTIF('Teacher Tests'!F:F,"Blocked") | F5: =COUNTIF('Teacher Tests'!F:F,"Skipped") | G5: =IFERROR(C5/(C5+D5),"—")
A6: Admin Tests | B6: =COUNTA('Admin Tests'!A:A)-2 | C6: =COUNTIF('Admin Tests'!F:F,"Pass") | D6: =COUNTIF('Admin Tests'!F:F,"Fail") | E6: =COUNTIF('Admin Tests'!F:F,"Blocked") | F6: =COUNTIF('Admin Tests'!F:F,"Skipped") | G6: =IFERROR(C6/(C6+D6),"—")
A7: Security Tests | B7: =COUNTA('Security Tests'!A:A)-1 | C7: =COUNTIF('Security Tests'!F:F,"Pass") | D7: =COUNTIF('Security Tests'!F:F,"Fail") | E7: =COUNTIF('Security Tests'!F:F,"Blocked") | F7: =COUNTIF('Security Tests'!F:F,"Skipped") | G7: =IFERROR(C7/(C7+D7),"—")
A8: Visual Tests | B8: =COUNTA('Visual Tests'!A:A)-1 | C8: =COUNTIF('Visual Tests'!F:F,"Pass") | D8: =COUNTIF('Visual Tests'!F:F,"Fail") | E8: =COUNTIF('Visual Tests'!F:F,"Blocked") | F8: =COUNTIF('Visual Tests'!F:F,"Skipped") | G8: =IFERROR(C8/(C8+D8),"—")
A9: TOTAL | B9: =SUM(B3:B8) | C9: =SUM(C3:C8) | D9: =SUM(D3:D8) | E9: =SUM(E3:E8) | F9: =SUM(F3:F8) | G9: =IFERROR(C9/(C9+D9),"—")
A11: Pass rate = Pass ÷ (Pass + Fail). Blocked/Skipped don't count against the rate.
